time;value;type;name
20.12.2005;1127403;joeB;Cross Bar
20.12.2005;702151;grotesko;WOW meets Porn
20.12.2005;618904;nathanweinberg;Banned Xbox 360 Ad
20.12.2005;607983;darrencharles;Bottles Up -- The Team
20.12.2005;402735;kailos;Santiago Segura echando el rollo por bajar Torrente 3
20.12.2005;328107;skateracl;Invisible Boards
20.12.2005;321707;konefku;Man dancing
20.12.2005;319800;larfus;I/O Brush
20.12.2005;315311;tasha;Hey clip
20.12.2005;298724;akicyra;korean madness
20.12.2005;275669;larfus;Crazy Dog
20.12.2005;269574;groovydancer;cute lil gal
20.12.2005;268032;punkmeister;M.Y.M.P. - ESPECIALLY FOR YOU
20.12.2005;242311;UCBearcats1125;Girls Wanna Have Fun
20.12.2005;242066;Nikesoccer;Ronaldinho: Dance with the ball
20.12.2005;234736;drgfilms;Somaya Reece KDAY Interview
20.12.2005;234678;DeKku;Money, get a way!
20.12.2005;230503;youtubedude;SNL - The Chronic of Narnia Rap
20.12.2005;215964;jbailey0909;soccer violence compilation
20.12.2005;193227;millonario;Ronaldinho The Movie(1
18.02.2006;2791321;eggtea;Myspace - THE MOVIE!
18.02.2006;2725473;Nikesoccer;Ronaldinho: Touch of Gold
18.02.2006;2666922;r0ck5tar3;My Humps
18.02.2006;2370619;smosh;Pokemon Theme Music Video
18.02.2006;2294822;DaLonStyliciouz;NE-Yo - So Sick
18.02.2006;2103834;wachy712;SNL Lettuce Skit Remake **FUNNY**
18.02.2006;2011550;nictum;Hooked on a feeling
18.02.2006;1876480;orangeohm;Brokeback to the Future
18.02.2006;1816264;jbailey0909;soccer violence compilation
18.02.2006;1791737;faizza;Mary J. Blige - Be Without You
18.02.2006;1525046;faizza;Pussycat Dolls feat. Will.I.Am - Beep
18.02.2006;1449627;joeB;Cross Bar
18.02.2006;1412233;LAY12;LEAN WIT IT ROCK WIT IT
18.02.2006;1352658;msmojo;Pussycat Dolls- Stickwitu Music Video
18.02.2006;1317682;Blackbird7;Fights & Violences
18.02.2006;1279138;nathanweinberg;Banned Xbox 360 Ad
18.02.2006;1275619;ouest;Notorious BIG - Nasty Girl
18.02.2006;1114967;darrencharles;Bottles Up -- The Team
18.02.2006;1081229;BloodTempest;Napoleon Dynamite Dance Scene
18.02.2006;1018182;jlosman;Baywatch
18.02.2006;702151;grotesko;WOW meets Porn
18.02.2006;402735;kailos;Santiago Segura echando el rollo por bajar Torrente 3
18.02.2006;328107;skateracl;Invisible Boards
18.02.2006;321707;konefku;Man dancing
18.02.2006;319800;larfus;I/O Brush
18.02.2006;315311;tasha;Hey clip
18.02.2006;275669;larfus;Crazy Dog
14.04.2006;8178265;smosh;Pokemon Theme Music Video
14.04.2006;5714677;markleung;MARK LEUNG'S CRAZY COMPUTER BUG
14.04.2006;5600949;TexMachina;Real Life Simpsons Intro
14.04.2006;5235022;eggtea;Myspace - THE MOVIE!
14.04.2006;4259395;n4vi3gurlz;lion sleep tonight
14.04.2006;4181669;angelstars07;Panic! At The Disco -I Write Sins Not Tragedies
14.04.2006;4176184;BloodTempest;Napoleon Dynamite Dance Scene
14.04.2006;4111212;woobe;Vicky Pollard
14.04.2006;3951405;ntropie;next big thing, really
14.04.2006;3922537;CheapCanDrinker;DHT ft Edmee - Listen To Your Heart
14.04.2006;3437198;nictum;Hooked on a feeling
14.04.2006;3419724;Sefarad;Tiesto - Adagio for strings
14.04.2006;3368830;XxChisizmyangelxX;Beautiful Soul
14.04.2006;3332736;phuckyou;Puff Daddy - I'll Be Missing You
14.04.2006;3284181;Nikesoccer;Ronaldinho: Touch of Gold
14.04.2006;3233206;LAY12;LEAN WIT IT ROCK WIT IT
14.04.2006;3218201;mrWbot;Urban Ninja
14.04.2006;3146740;hyjeak61;comic soccer
14.04.2006;3032161;orangeohm;Brokeback to the Future
14.04.2006;2920217;tasha;Hey clip
14.04.2006;1791737;faizza;Mary J. Blige - Be Without You
07.07.2006;27783328;judsonlaipply;Evolution of Dance
07.07.2006;13536776;smosh;Pokemon Theme Music Video
07.07.2006;8102305;TexMachina;Real Life Simpsons Intro
07.07.2006;6824675;eggtea;Myspace - THE MOVIE!
07.07.2006;6725421;tasha;Hey clip
07.07.2006;6424715;hyjeak61;comic soccer
07.07.2006;6156392;guitar90;guitar
07.07.2006;6152568;mrWoot;Urban Ninja
07.07.2006;6078744;n4vi3gurlz;lion sleep tonight
07.07.2006;6070304;markleung;MARK LEUNG'S CRAZY COMPUTER BUG
07.07.2006;5827864;BloodTempest;Napoleon Dynamite Dance Scene
07.07.2006;5775490;Nikesoccer;Ronaldinho: Touch of Gold
07.07.2006;5596939;angelstars07;Panic! At The Disco -I Write Sins Not Tragedies
07.07.2006;5245106;halftime5050;D1大整古-流 動廁所
07.07.2006;5090822;talaskinboit;5 feet
07.07.2006;4779596;h1dekikun;Cascada - Everytime We Touch
07.07.2006;4745916;CheapCanDrinker;DHT ft Edmee - Listen To Your Heart
07.07.2006;4630662;ntropie;next big thing, really
07.07.2006;4414821;nictum;Hooked on a feeling
07.07.2006;4365787;piderman;James Blunt - Bloody Cold
21.08.2006;31337276;judsonlaipply;Evolution of Dance
21.08.2006;15346556;smosh;Pokemon Theme Music Video
21.08.2006;8878541;halftime5050;D1大整古-流 動廁所
21.08.2006;8816300;TexMachina;Real Life Simpsons Intro
21.08.2006;8359926;tasha;Hey clip
21.08.2006;7349516;guitar90;guitar
21.08.2006;7300194;hyjeak61;comic soccer
21.08.2006;6979178;mrWoot;Urban Ninja
21.08.2006;6604437;Nikesoccer;Ronaldinho: Touch of Gold
21.08.2006;6561625;n4vi3gurlz;lion sleep tonight
21.08.2006;6194520;markleung;MARK LEUNG'S CRAZY COMPUTER BUG
21.08.2006;6115044;BloodTempest;Napoleon Dynamite Dance Scene
21.08.2006;5944024;talaskinboit;5 feet
21.08.2006;5771875;angelstars07;Panic! At The Disco - I Write Sins Not Tragedies
21.08.2006;5323218;smosh;Mortal Kombat Theme
21.08.2006;5043290;h1dekikun;Cascada - Everytime We Touch
21.08.2006;4888947;larfus;Crazy Dog
21.08.2006;4865849;CheapCanDrinker;DHT ft Edmee - Listen To Your Heart
21.08.2006;4824639;ntropie;next big thing, really
21.08.2006;4745573;nictum;Hooked on a feeling
21.11.2006;35811644;judsonlaipply;Evolution of Dance
21.11.2006;17327464;smosh;Pokemon Theme Music Video
21.11.2006;12773531;ChrisInScotland;Quick Change Artists on America's Got Talent
21.11.2006;11045129;tasha;Hey clip
21.11.2006;10952161;guitar90;guitar
21.11.2006;10157240;TexMachina;Real Life Simpsons Intro
21.11.2006;8726749;mrWoot;Urban Ninja
21.11.2006;8509798;OkGo;OK Go - Here It Goes Again
21.11.2006;8283928;ChipotleMurrin;University of Nebraska, Lincoln - Dady
21.11.2006;8242637;ChipotleMurrin;Southern Methodist University - The Wall
21.11.2006;7911661;Nikesoccer;Ronaldinho: Touch of Gold
21.11.2006;7828231;n4vi3gurlz;lion sleep tonight
21.11.2006;7301917;talaskinboit;5 feet
21.11.2006;6667108;PeaceOnEarth123;Free Hugs Campaign.
21.11.2006;6604549;BloodTempest;Napoleon Dynamite Dance Scene
21.11.2006;6470931;markleung;MARK LEUNG'S CRAZY COMPUTER BUG
21.11.2006;6402021;larfus;Crazy Dog
21.11.2006;6335878;angelstars07;Panic! At The Disco - I Write Sins Not Tragedies
21.11.2006;6321670;smosh;Mortal Kombat Theme
21.11.2006;5909352;ctcute;hips don't lie
05.01.2007;37781216;judsonlaipply;Evolution of Dance
05.01.2007;18253606;smosh;Pokemon Theme Music Video
05.01.2007;14195325;ChrisInScotland;Quick Change Artists on America's Got Talent
05.01.2007;12349356;guitar90;guitar
05.01.2007;11963133;tasha;Hey clip
05.01.2007;10823545;TexMachina;Real Life Simpsons Intro
05.01.2007;9800944;mrWoot;Urban Ninja
05.01.2007;9422493;OkGo;OK Go - Here It Goes Again
05.01.2007;8832119;NBC;SNL - Digital Short - A Special Christmas Box
05.01.2007;8764727;Nikesoccer;Ronaldinho: Touch of Gold
05.01.2007;8689390;n4vi3gurlz;lion sleep tonight
05.01.2007;8527105;PeaceOnEarth123;Free Hugs Campaign.
05.01.2007;8042539;talaskinboit;5 feet
05.01.2007;7416648;CowSayingMoo;shoes
05.01.2007;7110240;BlackOleg;Hahaha
05.01.2007;7071724;larfus;Crazy Dog
05.01.2007;6835586;BloodTempest;Napoleon Dynamite Dance Scene
05.01.2007;6729306;markleung;MARK LEUNG'S CRAZY COMPUTER BUG
05.01.2007;6724284;smosh;Mortal Kombat Theme
05.01.2007;6606501;angelstars07;Panic! At The Disco - I Write Sins Not Tragedies
23.03.2007;44717468;judsonlaipply;Evolution of Dance
23.03.2007;21462230;smosh;Pokemon Theme Music Video
23.03.2007;18639960;NBC;SNL - Digital Short - A Special Christmas Box
23.03.2007;17322898;My Chemical Romance;My Chemical Romance - Famous Last Words
23.03.2007;17017236;guitar90;guitar
23.03.2007;16379421;ChrisInScotland;Quick Change Artists on America's Got Talent
23.03.2007;14538583;CowSayingMoo;shoes
23.03.2007;13682802;tasha;Hey clip
23.03.2007;12925351;OkGo;OK Go - Here It Goes Again
23.03.2007;12551840;TexMachina;Real Life Simpsons Intro
23.03.2007;12037249;mrWoot;Urban Ninja
23.03.2007;11810633;PeaceOnEarth123;Free Hugs Campaign.
23.03.2007;11799379;BlackOleg;Hahaha
23.03.2007;11442801;Nikesoccer;Ronaldinho: Touch of Gold
23.03.2007;10115645;n4vi3gurlz;lion sleep tonight
23.03.2007;8675557;j0sealan;muffins
23.03.2007;8079802;alyankovic;White & Nerdy
23.03.2007;8030735;smosh;Mortal Kombat Theme
23.03.2007;7706656;BloodTempest;Napoleon Dynamite Dance Scene
23.03.2007;7553220;diegoribas1987;beyonce - irreplaceable
08.04.2007;45771536;judsonlaipply;Evolution of Dance
08.04.2007;22038532;smosh;Pokemon Theme Music Video
08.04.2007;20052271;My Chemical Romance;My Chemical Romance - Famous Last Words
08.04.2007;19546510;NBC;SNL - Digital Short - A Special Christmas Box
08.04.2007;17894351;guitar90;guitar
08.04.2007;16693833;ChrisInScotland;Quick Change Artists on America's Got Talent
08.04.2007;15757894;CowSayingMoo;shoes
08.04.2007;14956440;OkGo;OK Go - Here It Goes Again
08.04.2007;13955085;tasha;Hey clip
08.04.2007;13020506;PeaceOnEarth123;Free Hugs Campaign.
08.04.2007;12824960;TexMachina;Real Life Simpsons Intro
08.04.2007;12653590;BlackOleg;Hahaha
08.04.2007;12437999;mrWoot;Urban Ninja
08.04.2007;11958320;Nikesoccer;Ronaldinho: Touch of Gold
08.04.2007;10356821;n4vi3gurlz;lion sleep tonight
08.04.2007;9419985;j0sealan;muffins
08.04.2007;9033598;RCARecords;Avril Lavigne - Girlfriend
08.04.2007;8613132;alyankovic;White & Nerdy
08.04.2007;8545434;diegoribas1987;beyonce - irreplaceable
08.04.2007;8262629;smosh;Mortal Kombat Theme
08.04.2007;6000113;Jonasss;Beyonce ft. Shakira - Beautiful Liar (mv)
08.11.2007;63716039;judsonlaipply;Evolution of Dance
08.11.2007;60016731;RCARecords;Avril Lavigne - Girlfriend
08.11.2007;41371213;My Chemical Romance;My Chemical Romance - Teenagers
08.11.2007;40176513;My Chemical Romance;My Chemical Romance - Famous Last Words
08.11.2007;33257654;kaejane;Lo que tó Quieras Oór
08.11.2007;31199488;guitar90;guitar
08.11.2007;30616104;srcrecords;Akon - Don't Matter
08.11.2007;29474961;TimbalandMusic;Timbaland - The Way I Are 
08.11.2007;27686682;linkinparktv;Linkin Park - What I've Done
08.11.2007;27392113;Jonasss;Beyonce ft. Shakira - Beautiful Liar (mv)
08.11.2007;27005744;BlackOleg;Hahaha
08.11.2007;26755311;IMVUinc;IMVU - www.IMVU.com
08.11.2007;26404630;chai0322;xxx
08.11.2007;25091661;garantiarkadas;Tuğba Özay ve 250.000ci
08.11.2007;24556975;OKGo;OK Go - Here It Goes Again
08.11.2007;22821496;seankingston;Sean Kingston-Beautiful Girls
08.11.2007;22353601;NeilCicierega;Potter Puppet Pals in The Mysterious Ticking Noise
08.11.2007;20876737;ChrisInScotland;Quick Change Artists on America's Got Talent
08.11.2007;20700333;diegoribas1987;beyonce - irreplaceable
08.11.2007;19819934;PeaceOnEarth123;Free Hugs Campaign.
31.12.2007;69829964;judsonlaipply;Evolution of Dance
31.12.2007;66243798;RCARecords;Avril Lavigne - Girlfriend
31.12.2007;47098078;kaejane;Lo que tó Quieras Oór
31.12.2007;44963646;My Chemical Romance;My Chemical Romance - Teenagers
31.12.2007;41328638;My Chemical Romance;My Chemical Romance - Famous Last Words
31.12.2007;38151731;IMVUinc;IMVU - www.IMVU.com
31.12.2007;35537079;TimbalandMusic;Timbaland - The Way I Are 
31.12.2007;35378988;srcrecords;Akon - Don't Matter
31.12.2007;34770497;guitar90;guitar
31.12.2007;32389135;BlackOleg;Hahaha
31.12.2007;32084982;chai0322;xxx
31.12.2007;30495387;seankingston;Sean Kingston-Beautiful Girls
31.12.2007;29880004;linkinparktv;Linkin Park - What I've Done
31.12.2007;28884166;NeilCicierega;Potter Puppet Pals in The Mysterious Ticking Noise
31.12.2007;27562990;SouljaBoy;Soulja Boy Tell Em - Crank That
31.12.2007;27335291;OkGo;OK Go - Here It Goes Again
31.12.2007;25549381;steviegrim2006;Mika Grace Kelly
31.12.2007;25153416;garantiarkadas;Tuğba Özay ve 250.000ci
31.12.2007;24669811;hereforyou13;High School Musical
31.12.2007;23570385;Rihanna;Rihanna - Don't Stop The Music
31.12.2007;20881143;CLARUSBARTEL72;CANSEI DE SER SEXY Music is My Hot Hot Sex
05.03.2008;87881143;CLARUSBARTEL72;CANSEI DE SER SEXY Music is My Hot Hot Sex
05.03.2008;77195394;judsonlaipply;Evolution of Dance
05.03.2008;74968442;RCARecords;Avril Lavigne - Girlfriend
05.03.2008;61970880;kaejane;Lo que tó Quieras Oór
05.03.2008;53508397;IMVUinc;IMVU - www.IMVU.com
05.03.2008;49204319;My Chemical Romance;My Chemical Romance - Teenagers
05.03.2008;47726571;donotasyoudo;~YouTube Worst Video of All Time~
05.03.2008;42569293;My Chemical Romance;My Chemical Romance - Famous Last Words
05.03.2008;41443257;TimbalandMusic;Timbaland - The Way I Are 
05.03.2008;41365775;srcrecords;Akon - Don't Matter
05.03.2008;40180206;1988basti;Timbaland - Apologize (feat. One Republic)
05.03.2008;39840912;Rihanna;Rihanna - Don't Stop The Music
05.03.2008;39611070;BlackOleg;Hahaha
05.03.2008;39511479;seankingston;Sean Kingston-Beautiful Girls
05.03.2008;39419848;chai0322;xxx
05.03.2008;39246063;aliciakeys;Alicia Keys - No One
05.03.2008;38926845;guitar90;guitar
05.03.2008;35667699;KrowBatellio;Jeff Dunham - Achmed the Dead Terrorist
05.03.2008;35356328;NeilCicierega;Potter Puppet Pals in The Mysterious Ticking Noise
05.03.2008;33393293;SouljaBoy;Soulja Boy Tell Em - Crank That
05.03.2008;32205860;linkinparktv;Linkin Park - What I've Done
05.03.2008;31130863;Rihanna;Rihanna - Umbrella
05.03.2008;30877692;hereforyou13;High School Musical
11.06.2008;92426626;deuxjg;Panda Disculpa los Malos Pensamientos 
11.06.2008;89160731;internmarket;Cut Chemist feat. Hymnal What's the Altitude 
11.06.2008;88064877;judsonlaipply;Evolution of Dance
11.06.2008;87756360;donotasyoudo;~YouTube Worst Video of All Time~
11.06.2008;86914586;RCARecords;Avril Lavigne - Girlfriend
11.06.2008;73179866;AbolishTheSenateOrg;XXX PORN XXX
11.06.2008;72451498;kaejane;Lo que tó Quieras Oór
11.06.2008;71306788;IMVUinc;IMVU - www.IMVU.com
11.06.2008;58728656;leonalewis;Leona Lewis - Bleeding Love
11.06.2008;57517949;1988basti;Timbaland - Apologize (feat. One Republic)
11.06.2008;54940828;aliciakeys;Alicia Keys - No One
11.06.2008;51475422;BlackOleg;Hahaha
11.06.2008;50559992;KrowBatellio;Jeff Dunham - Achmed the Dead Terrorist
11.06.2008;49773899;srcrecords;Akon - Don't Matter
11.06.2008;48526157;ChrisBrownTV;Chris Brown - With You
11.06.2008;46791424;ChrisBrownTV;Chris Brown - Kiss Kiss ft. T-Pain 
11.06.2008;46686883;BritneyTV;Britney Spears - Piece of Me 
11.06.2008;45175649;NeilCicierega;Potter Puppet Pals in The Mysterious Ticking Noise
25.09.2008;102399897;RCARecords;Avril Lavigne - Girlfriend
25.09.2008;99427197;judsonlaipply;Evolution of Dance
25.09.2008;97983874;deuxjg;Panda Disculpa los Malos Pensamientos 
25.09.2008;93590942;internmarket;Cut Chemist feat. Hymnal What's the Altitude 
25.09.2008;91662510;donotasyoudo;~YouTube Worst Video of All Time~
25.09.2008;85179866;AbolishTheSenateOrg;XXX PORN XXX
25.09.2008;76372783;kaejane;Lo que tó Quieras Oór
25.09.2008;72004269;IMVUinc;IMVU - www.IMVU.com
25.09.2008;69095817;leonalewis;Leona Lewis - Bleeding Love
25.09.2008;68981385;Rihanna;Rihanna - Don't Stop The Music
25.09.2008;68284371;ChrisBrownTV;Chris Brown - With You
25.09.2008;67058591;1988basti;Timbaland - Apologize (feat. One Republic)
30.11.2008;109018213;RCARecords;Avril Lavigne - Girlfriend
30.11.2008;105748145;judsonlaipply;Evolution of Dance
30.11.2008;99124854;AbolishTheSenateOrg;XXX PORN XXX
30.11.2008;98537897;deuxjg;Panda Disculpa los Malos Pensamientos 
30.11.2008;93564298;internmarket;Cut Chemist feat. Hymnal What's the Altitude 
30.11.2008;92405079;donotasyoudo;~YouTube Worst Video of All Time~
30.11.2008;78797436;ChrisBrownTV;Chris Brown - With You
30.11.2008;77548968;kaejane;Lo que tó Quieras Oór
30.11.2008;75677461;leonalewis;Leona Lewis - Bleeding Love
30.11.2008;75547886;Rihanna;Rihanna - Don't Stop The Music
30.11.2008;74609510;KrowBatellio;Jeff Dunham - Achmed the Dead Terrorist
30.11.2008;73425972;IMVUinc;IMVU - www.IMVU.com
30.11.2008;70442210;aliciakeys;Alicia Keys - No One
30.11.2008;70092040;1988basti;Timbaland - Apologize (feat. One Republic)
30.11.2008;68356153;BlackOleg;Hahaha
30.11.2008;64759312;HDCYT;Charlie bit my finger - again !
30.11.2008;60969410;ChrisBrownTV;Chris Brown - Kiss Kiss ft. T-Pain 
30.11.2008;59381806;srcrecords;Akon - Don't Matter
30.11.2008;55694662;TimbalandMusic;Timbaland - The Way I Are 
30.11.2008;55549162;My Chemical Romance;My Chemical Romance - Teenagers
30.11.2008;55128778;NeilCicierega;Potter Puppet Pals in The Mysterious Ticking Noise
30.11.2008;52511848;guitar90;guitar
30.11.2008;51757782;Jonas Brothers;Jonas Brothers - SOS Music Video
30.11.2008;50127257;hollywoodrecords;Miley Cyrus - 7 Things
30.11.2008;47924667;hereforyou13;High School Musical
30.11.2008;47595877;Jonas Brothers;Jonas Brothers - Burnin' Up
30.11.2008;45960224;BritneyTV;Britney Spears - Gimme More
30.11.2008;44806458;My Chemical Romance;My Chemical Romance - Famous Last Words
30.11.2008;42073111;SouljaBoy;Soulja Boy Tell Em - Crank That
30.11.2008;41846959;OkGo;OK Go - Here It Goes Again
29.05.2009;120421926;judsonlaipply;Evolution of Dance
29.05.2009;119939808;RCARecords;Avril Lavigne - Girlfriend
29.05.2009;107662515;AbolishTheSenateOrg;XXX PORN XXX
29.05.2009;104252859;SHOWTIME;Lezberado: Revenge Fantasies
29.05.2009;98548331;HDCYT;Charlie bit my finger - again !
29.05.2009;98217529;deuxjg;Panda Disculpa los Malos Pensamientos 
29.05.2009;94704328;donotasyoudo;~YouTube Worst Video of All Time~
29.05.2009;92982179;ChrisBrownTV;Chris Brown - With You
29.05.2009;92410334;kaejane;Lo que tó Quieras Oór
29.05.2009;89451167;KrowBatellio;Jeff Dunham - Achmed the Dead Terrorist
29.05.2009;89083001;Rihanna;Rihanna - Don't Stop The Music
29.05.2009;86058101;leonalewis;Leona Lewis - Bleeding Love
29.05.2009;84096729;BlackOleg;Hahaha
08.07.2009;122426408;judsonlaipply;Evolution of Dance
08.07.2009;121613991;RCARecords;Avril Lavigne - Girlfriend
08.07.2009;108691683;AbolishTheSenateOrg;XXX PORN XXX
08.07.2009;106635913;HDCYT;Charlie bit my finger - again !
08.07.2009;105056372;SHOWTIME;Lezberado: Revenge Fantasies
08.07.2009;98227651;deuxjg;Panda Disculpa los Malos Pensamientos 
08.07.2009;96529723;kaejane;Lo que tó Quieras Oór
08.07.2009;95782341;donotasyoudo;~YouTube Worst Video of All Time~
08.07.2009;94619446;ChrisBrownTV;Chris Brown - With You
08.07.2009;91564489;Rihanna;Rihanna - Don't Stop The Music
08.07.2009;91283717;KrowBatellio;Jeff Dunham - Achmed the Dead Terrorist
08.07.2009;90670330;hollywoodrecords;Miley Cyrus - 7 Things
08.07.2009;87076661;leonalewis;Leona Lewis - Bleeding Love
08.07.2009;86885245;BlackOleg;Hahaha
08.07.2009;81216503;aliciakeys;Alicia Keys - No One
08.07.2009;76079853;1988basti;Timbaland - Apologize (feat. One Republic)
08.07.2009;72000000;IMVUinc;IMVU - www.IMVU.com
08.07.2009;70495433;BritainsSoTalented;Susan Boyle - Singer - Britains Got Talent 2009
08.07.2009;68327887;Jonas Brothers;Jonas Brothers - SOS Music Video
08.07.2009;68199747;ChrisBrownTV;Chris Brown - Kiss Kiss ft. T-Pain 
08.07.2009;68125415;Jonas Brothers;Jonas Brothers - Burnin' Up
08.07.2009;66782695;capitolfrance;KATY PERRY Hot'n'cold
08.07.2009;64516495;srcrecords;Akon - Don't Matter
08.07.2009;64481513;hollywoodrecords;Vanessa Hudgens Say Ok Music Video 
10.10.2009;127783349;judsonlaipply;Evolution of Dance
10.10.2009;127020706;RCARecords;Avril Lavigne - Girlfriend
10.10.2009;125860858;HDCYT;Charlie bit my finger - again !
10.10.2009;109536358;AbolishTheSenateOrg;XXX PORN XXX
10.10.2009;102452397;hollywoodrecords;Miley Cyrus - 7 Things
10.10.2009;100719841;Rihanna;Rihanna - Don't Stop The Music
10.10.2009;98864427;ChrisBrownTV;Chris Brown - With You
10.10.2009;98249406;deuxjg;Panda Disculpa los Malos Pensamientos 
10.10.2009;98129809;kaejane;Lo que tó Quieras Oór
10.10.2009;96450661;KrowBatellio;Jeff Dunham - Achmed the Dead Terrorist
10.10.2009;96132154;donotasyoudo;~YouTube Worst Video of All Time~
10.10.2009;93251699;BlackOleg;Hahaha
19.12.2009;129426144;HDCYT;Charlie bit my finger - again !
19.12.2009;129088791;judsonlaipply;Evolution of Dance
19.12.2009;128187876;RCARecords;Avril Lavigne - Girlfriend
19.12.2009;111348547;AbolishTheSenateOrg;XXX PORN XXX
19.12.2009;106365340;SHOWTIME;Lezberado: Revenge Fantasies
19.12.2009;103683723;hollywoodrecords;Miley Cyrus - 7 Things
19.12.2009;102567057;Rihanna;Rihanna - Don't Stop The Music
19.12.2009;98357258;deuxjg;Panda Disculpa los Malos Pensamientos 
19.12.2009;98324461;kaejane;Lo que tó Quieras Oór
19.12.2009;97886612;KrowBatellio;Jeff Dunham - Achmed the Dead Terrorist
19.12.2009;96568753;donotasyoudo;~YouTube Worst Video of All Time~
19.12.2009;94984657;BlackOleg;Hahaha
19.12.2009;91820952;leonalewis;Leona Lewis - Bleeding Love
19.12.2009;84947482;aliciakeys;Alicia Keys - No One
19.12.2009;82442284;LadyGaga;Lady Gaga - Just Dance ft. Colby O'Donis
19.12.2009;78714630;1988basti;Timbaland - Apologize (feat. One Republic)
19.12.2009;77655560;BritainsSoTalented;Susan Boyle - Singer - Britains Got Talent 2009
19.12.2009;75480524;capitolfrance;KATY PERRY Hot'n'cold
19.12.2009;74340870;hollywoodrecords;Vanessa Hudgens Say Ok Music Video 
19.12.2009;73366896;Jonas Brothers;Jonas Brothers - Burnin' Up
19.12.2009;73212658;IMVUinc;IMVU - www.IMVU.com
19.12.2009;73107765;Jonas Brothers;Jonas Brothers - SOS Music Video
19.12.2009;71695412;Hard2beatRecords;Basshunter : Now You're Gone
19.12.2009;70754419;ChrisBrownTV;Chris Brown - Kiss Kiss ft. T-Pain 
22.05.2010;210927872;LadyGaga;Lady Gaga - Bad Romance
22.05.2010;193066604;HDCYT;Charlie bit my finger - again !
22.05.2010;152839157;Justin Bieber;Justin Bieber - Baby ft. Ludacris
22.05.2010;142978429;judsonlaipply;Evolution of Dance
22.05.2010;131810512;RCARecords;Avril Lavigne - Girlfriend
22.05.2010;119210994;UltraRecords;Pitbull - I Know You Want Me 
22.05.2010;118490748;BlackOleg;Hahaha
22.05.2010;117884017;hollywoodrecords;Miley Cyrus - 7 Things
22.05.2010;116320965;hollywoodrecords;Miley Cyrus - Party In The U.S.A.
22.05.2010;115486998;Rihanna;Rihanna - Don't Stop The Music
22.05.2010;111653531;KrowBatellio;Jeff Dunham - Achmed the Dead Terrorist
22.05.2010;109327404;LadyGaga;Lady Gaga - Just Dance ft. Colby O'Donis
22.05.2010;108930897;SHOWTIME;Lezberado: Revenge Fantasies
03.08.2010;272100612;Justin Bieber;Justin Bieber - Baby ft. Ludacris
03.08.2010;256326145;LadyGaga;Lady Gaga - Bad Romance
03.08.2010;215898895;HDCYT;Charlie bit my finger - again !
03.08.2010;148660162;judsonlaipply;Evolution of Dance
03.08.2010;143818577;hollywoodrecords;Miley Cyrus - Party In The U.S.A.
03.08.2010;137379702;Shakira;Shakira - Waka Waka (This Time for Africa) 
03.08.2010;135111488;UltraRecords;Pitbull - I Know You Want Me 
03.08.2010;131286665;BlackOleg;Hahaha
03.08.2010;127284723;hollywoodrecords;Miley Cyrus - 7 Things
03.08.2010;118423782;LadyGaga;Lady Gaga - Just Dance ft. Colby O'Donis
29.10.2010;369929357;Justin Bieber;Justin Bieber - Baby ft. Ludacris
29.10.2010;298866853;LadyGaga;Lady Gaga - Bad Romance
29.10.2010;243586378;HDCYT;Charlie bit my finger - again !
29.10.2010;222608547;Shakira;Shakira - Waka Waka (This Time for Africa) 
29.10.2010;177154641;Eminem;Eminem - Love The Way You Lie ft. Rihanna
29.10.2010;168005282;hollywoodrecords;Miley Cyrus - Party In The U.S.A.
29.10.2010;148996211;UltraRecords;Pitbull - I Know You Want Me 
29.10.2010;144065461;BlackOleg;Hahaha
29.10.2010;138281920;Eminem;Eminem - Not Afraid
29.10.2010;135674329;hollywoodrecords;Miley Cyrus - 7 Things
29.10.2010;124915406;LadyGaga;Lady Gaga - Just Dance ft. Colby O'Donis
29.10.2010;114823325;hollywoodrecords;Miley Cyrus - The Climb
29.10.2010;106987795;Rihanna;Rihanna - Rude Boy
29.10.2010;105807811;Flowgo;Tootin' Bathtub Baby Cousins
29.10.2010;104356873;KatyPerryMusic;Katy Perry ft. Snoop Dogg California Gurls 
29.10.2010;99299137;Justin Bieber;Justin Bieber - Never Say Never ft. Jaden Smith
29.10.2010;97559697;Justin Bieber;Justin Bieber - Never Let You Go
29.10.2010;95898969;LadyGaga;Lady Gaga - Alejandro
29.10.2010;94792295;hollywoodrecords;Vanessa Hudgens Say Ok Music Video 
29.10.2010;91316089;TheLonelyIsland;The Lonely Island - Jizz In My Pants
30.05.2011;552833170;Justin Bieber;Justin Bieber - Baby ft. Ludacris
30.05.2011;382854110;LadyGaga;Lady Gaga - Bad Romance
30.05.2011;347160233;Shakira;Shakira - Waka Waka (This Time for Africa) 
30.05.2011;339687056;Eminem;Eminem - Love The Way You Lie ft. Rihanna
30.05.2011;329118011;HDCYT;Charlie bit my finger - again !
30.05.2011;239937439;Eminem;Eminem - Not Afraid
30.05.2011;221900954;hollywoodrecords;Miley Cyrus - Party In The U.S.A.
30.05.2011;213672879;Justin Bieber;Justin Bieber - Never Say Never ft. Jaden Smith
30.05.2011;200701476;JenniferLopez;Jennifer Lopez - On The Floor ft. Pitbull
30.05.2011;188467693;Katy Perry;Katy Perry - Firework
30.05.2011;188243228;Flowgo;Tootin' Bathtub Baby Cousins
30.05.2011;182465754;BlackOleg;Hahaha
30.05.2011;180813147;UltraRecords;Pitbull - I Know You Want Me 
30.05.2011;174859897;Rihanna;Rihanna - What's My Name? ft. Drake
30.05.2011;173515217;judsonlaipply;Evolution of Dance
30.05.2011;173052464;294tv;An experiment
30.05.2011;165151696;ElektraRecords;Bruno Mars - Grenade 
30.05.2011;162581009;Justin Bieber;Justin Bieber - Somebody To Love Remix ft. Usher
30.05.2011;158050472;DonOmar;Don Omar - Danza Kuduro ft. Lucenzo
30.05.2011;154022769;Rihanna;Rihanna - Rude Boy
31.12.2011;675428876;Justin Bieber;Justin Bieber - Baby ft. Ludacris
31.12.2011;461870498;JenniferLopez;Jennifer Lopez - On The Floor ft. Pitbull
31.12.2011;434177941;LadyGaga;Lady Gaga - Bad Romance
31.12.2011;429921510;Shakira;Shakira - Waka Waka (This Time for Africa) 
31.12.2011;413586456;Eminem;Eminem - Love The Way You Lie ft. Rihanna
31.12.2011;397136684;HDCYT;Charlie bit my finger - again !
31.12.2011;336537940;LMFAO;LMFAO - Party Rock Anthem
31.12.2011;321706477;scimmiaubriaca;Parto in un letto
31.12.2011;301218735;Eminem;Eminem - Not Afraid
31.12.2011;286387746;Justin Bieber;Justin Bieber - Never Say Never ft. Jaden Smith
31.12.2011;278636101;Justin Bieber;Justin Bieber - One Time
31.12.2011;276174363;DonOmar;Don Omar - Danza Kuduro ft. Lucenzo
31.12.2011;262564527;hollywoodrecords;Miley Cyrus - Party In The U.S.A.
31.12.2011;260974781;massagevideo;thigh massage video
31.12.2011;257347171;Katy Perry;Katy Perry - Firework
31.12.2011;254253951;ElektraRecords;Bruno Mars - The Lazy Song
31.12.2011;229157785;ElektraRecords;Bruno Mars - Grenade 
31.12.2011;222838039;Rihanna;Rihanna - What's My Name? ft. Drake
31.12.2011;217653682;294tv;An experiment
31.12.2011;214620919;Flowgo;Tootin' Bathtub Baby Cousins
27.05.2012;741532776;Justin Bieber;Justin Bieber - Baby ft. Ludacris
27.05.2012;544027259;JenniferLopez;Jennifer Lopez - On The Floor ft. Pitbull
27.05.2012;471282892;Shakira;Shakira - Waka Waka (This Time for Africa) 
27.05.2012;467829047;LadyGaga;Lady Gaga - Bad Romance
27.05.2012;462450708;Eminem;Eminem - Love The Way You Lie ft. Rihanna
27.05.2012;456145495;HDCYT;Charlie bit my finger - again !
27.05.2012;441142224;LMFAO;LMFAO - Party Rock Anthem
27.05.2012;348635631;DonOmar;Don Omar - Danza Kuduro ft. Lucenzo
27.05.2012;348182012;Michel Telo;Michel Telo - Ai Se Eu Te Pego
27.05.2012;339617198;Eminem;Eminem - Not Afraid
17.11.2012;800933949;Justin Bieber;Justin Bieber - Baby ft. Ludacris
17.11.2012;750755260;officialpsy;PSY - GANGNAM STYLE 
17.11.2012;621831498;JenniferLopez;Jennifer Lopez - On The Floor ft. Pitbull
17.11.2012;515219261;Eminem;Eminem - Love The Way You Lie ft. Rihanna
17.11.2012;500920315;LMFAO;LMFAO - Party Rock Anthem
17.11.2012;500016526;Shakira;Shakira - Waka Waka (This Time for Africa) 
17.11.2012;496153650;LadyGaga;Lady Gaga - Bad Romance
17.11.2012;496032947;HDCYT;Charlie bit my finger - again !
17.11.2012;458548804;Michel Telo;Michel Telo - Ai Se Eu Te Pego
17.11.2012;404352733;DonOmar;Don Omar - Danza Kuduro ft. Lucenzo
17.11.2012;374051422;Eminem;Eminem - Not Afraid
17.11.2012;363534753;Pitbull;Pitbull - Rain Over Me ft. Marc Anthony
17.11.2012;351589545;Adele;Adele - Rolling In The Deep
17.11.2012;346890083;Justin Bieber;Justin Bieber - Never Say Never ft. Jaden Smith
17.11.2012;346500499;gotyemusic;Gotye - Somebody That I Used To Know
17.11.2012;346426280;Bruno Mars;Bruno Mars - The Lazy Song
17.11.2012;336060651;CarlyRaeJepsen;Carly Rae Jepsen - Call Me Maybe
17.11.2012;334936038;Katy Perry;Katy Perry - Firework
17.11.2012;308708165;hollywoodrecords;Miley Cyrus - Party In The U.S.A.
17.11.2012;306158016;Justin Bieber;Justin Bieber - One Time
01.02.2013;1249778038;officialpsy;PSY - GANGNAM STYLE 
01.02.2013;826390311;Justin Bieber;Justin Bieber - Baby ft. Ludacris
01.02.2013;644576188;JenniferLopez;Jennifer Lopez - On The Floor ft. Pitbull
01.02.2013;535228516;Eminem;Eminem - Love The Way You Lie ft. Rihanna
01.02.2013;517931571;LMFAO;LMFAO - Party Rock Anthem
01.02.2013;509907812;HDCYT;Charlie bit my finger - again !
01.02.2013;507773697;Shakira;Shakira - Waka Waka (This Time for Africa) 
01.02.2013;506424881;LadyGaga;Lady Gaga - Bad Romance
01.02.2013;477919072;Michel Telo;Michel Telo - Ai Se Eu Te Pego
01.02.2013;421612115;DonOmar;Don Omar - Danza Kuduro ft. Lucenzo
01.02.2013;394571157;CarlyRaeJepsen;Carly Rae Jepsen - Call Me Maybe
01.02.2013;387622016;Eminem;Eminem - Not Afraid
01.02.2013;383243794;Pitbull;Pitbull - Rain Over Me ft. Marc Anthony
01.02.2013;372861595;Adele;Adele - Rolling In The Deep
01.02.2013;371044171;gotyemusic;Gotye - Somebody That I Used To Know
01.02.2013;365079288;Bruno Mars;Bruno Mars - The Lazy Song
01.02.2013;356194121;Justin Bieber;Justin Bieber - Never Say Never ft. Jaden Smith
01.02.2013;348499804;Katy Perry;Katy Perry - Firework
01.02.2013;325313105;OneRepublic;One Direction - What Makes You Beautiful
01.02.2013;317341054;hollywoodrecords;Miley Cyrus - Party In The U.S.A.
27.05.2013;1622672043;officialpsy;PSY - GANGNAM STYLE 
27.05.2013;860968589;Justin Bieber;Justin Bieber - Baby ft. Ludacris
27.05.2013;671215907;JenniferLopez;Jennifer Lopez - On The Floor ft. Pitbull
27.05.2013;563843514;Eminem;Eminem - Love The Way You Lie ft. Rihanna
27.05.2013;543310409;LMFAO;LMFAO - Party Rock Anthem
27.05.2013;527270302;Shakira;Shakira - Waka Waka (This Time for Africa) 
27.05.2013;526564228;HDCYT;Charlie bit my finger - again !
27.05.2013;519586724;LadyGaga;Lady Gaga - Bad Romance
27.05.2013;504203318;Michel Telo;Michel Telo - Ai Se Eu Te Pego
27.05.2013;460636961;CarlyRaeJepsen;Carly Rae Jepsen - Call Me Maybe
28.09.2013;1777000740;officialpsy;PSY - GANGNAM STYLE 
28.09.2013;902534739;Justin Bieber;Justin Bieber - Baby ft. Ludacris
28.09.2013;693546631;JenniferLopez;Jennifer Lopez - On The Floor ft. Pitbull
28.09.2013;600516426;Eminem;Eminem - Love The Way You Lie ft. Rihanna
28.09.2013;573484189;LMFAO;LMFAO - Party Rock Anthem
28.09.2013;563316359;HDCYT;Charlie bit my finger - again !
28.09.2013;554324848;Shakira;Shakira - Waka Waka (This Time for Africa) 
28.09.2013;550196992;officialpsy;PSY - GENTLEMAN
28.09.2013;535009000;LadyGaga;Lady Gaga - Bad Romance
28.09.2013;525100584;Michel Telo;Michel Telo - Ai Se Eu Te Pego
28.12.2013;1850587138;officialpsy;PSY - GANGNAM STYLE 
28.12.2013;949038342;Justin Bieber;Justin Bieber - Baby ft. Ludacris
28.12.2013;714618774;JenniferLopez;Jennifer Lopez - On The Floor ft. Pitbull
28.12.2013;636373603;Eminem;Eminem - Love The Way You Lie ft. Rihanna
28.12.2013;619670158;HDCYT;Charlie bit my finger - again !
28.12.2013;612411462;LMFAO;LMFAO - Party Rock Anthem
28.12.2013;604221819;officialpsy;PSY - GENTLEMAN
28.12.2013;582314832;Shakira;Shakira - Waka Waka (This Time for Africa) 
28.12.2013;554900399;LadyGaga;Lady Gaga - Bad Romance
28.12.2013;541529407;Michel Telo;Michel Telo - Ai Se Eu Te Pego
16.03.2014;1929542061;officialpsy;PSY - GANGNAM STYLE 
16.03.2014;1006409270;Justin Bieber;Justin Bieber - Baby ft. Ludacris
16.03.2014;737447592;JenniferLopez;Jennifer Lopez - On The Floor ft. Pitbull
16.03.2014;674671405;HDCYT;Charlie bit my finger - again !
16.03.2014;672221687;Eminem;Eminem - Love The Way You Lie ft. Rihanna
16.03.2014;656539419;LMFAO;LMFAO - Party Rock Anthem
16.03.2014;655058922;officialpsy;PSY - GENTLEMAN
16.03.2014;628653632;Shakira;Shakira - Waka Waka (This Time for Africa) 
16.03.2014;578050417;MileyCyrus;Miley Cyrus - Wrecking Ball
16.03.2014;572986633;LadyGaga;Lady Gaga - Bad Romance
21.06.2014;2046579196;officialpsy;PSY - GANGNAM STYLE 
21.06.2014;1064929438;Justin Bieber;Justin Bieber - Baby ft. Ludacris
21.06.2014;769298900;JenniferLopez;Jennifer Lopez - On The Floor ft. Pitbull
21.06.2014;744450860;HDCYT;Charlie bit my finger - again !
21.06.2014;719569857;Eminem;Eminem - Love The Way You Lie ft. Rihanna
21.06.2014;717816759;LMFAO;LMFAO - Party Rock Anthem
21.06.2014;714116928;officialpsy;PSY - GENTLEMAN
21.06.2014;713830509;Shakira;Shakira - Waka Waka (This Time for Africa) 
21.06.2014;688895524;MileyCyrus;Miley Cyrus - Wrecking Ball
21.06.2014;596032595;LadyGaga;Lady Gaga - Bad Romance
01.09.2014;2076066873;officialpsy;PSY - GANGNAM STYLE 
01.09.2014;1081047072;Justin Bieber;Justin Bieber - Baby ft. Ludacris
01.09.2014;776980480;JenniferLopez;Jennifer Lopez - On The Floor ft. Pitbull
01.09.2014;762870084;HDCYT;Charlie bit my finger - again !
01.09.2014;735785394;LMFAO;LMFAO - Party Rock Anthem
01.09.2014;734595869;Eminem;Eminem - Love The Way You Lie ft. Rihanna
01.09.2014;734403294;Shakira;Shakira - Waka Waka (This Time for Africa) 
01.09.2014;728003611;officialpsy;PSY - GENTLEMAN
01.09.2014;700805013;MileyCyrus;Miley Cyrus - Wrecking Ball
01.09.2014;618657161;Katy Perry;Katy Perry - Roar (Official)
01.09.2014;600555664;LadyGaga;Lady Gaga - Bad Romance
01.09.2014;591768114;DonOmar;Don Omar - Danza Kuduro ft. Lucenzo
01.09.2014;586184400;Michel Telo;Michel Telo - Ai Se Eu Te Pego
01.09.2014;585621596;CarlyRaeJepsen;Carly Rae Jepsen - Call Me Maybe
01.09.2014;573980505;Ryan Lewis;MACKLEMORE & RYAN LEWIS - THRIFT SHOP 
01.09.2014;559065907;Katy Perry;Katy Perry - Dark Horse (Official) ft. Juicy J
01.09.2014;551278869;OneRepublic;One Direction - What Makes You Beautiful
01.09.2014;542397635;gotyemusic;Gotye - Somebody That I Used To Know
01.09.2014;538005175;Eminem;Eminem - Not Afraid
01.09.2014;536753879;Adele;Adele - Rolling In The Deep
26.11.2014;2145343240;officialpsy;PSY - GANGNAM STYLE 
26.11.2014;1115719654;Justin Bieber;Justin Bieber - Baby ft. Ludacris
26.11.2014;804384297;HDCYT;Charlie bit my finger - again !
26.11.2014;794000010;JenniferLopez;Jennifer Lopez - On The Floor ft. Pitbull
26.11.2014;777781479;LMFAO;LMFAO - Party Rock Anthem
26.11.2014;774570446;Shakira;Shakira - Waka Waka (This Time for Africa) 
26.11.2014;771583681;Eminem;Eminem - Love The Way You Lie ft. Rihanna
26.11.2014;759698913;officialpsy;PSY - GENTLEMAN
26.11.2014;725852955;MileyCyrus;Miley Cyrus - Wrecking Ball
26.11.2014;708159922;Katy Perry;Katy Perry - Roar (Official)
08.02.2015;2234948495;officialpsy;PSY - GANGNAM STYLE 
08.02.2015;1135478763;Justin Bieber;Justin Bieber - Baby ft. Ludacris
08.02.2015;815818287;LMFAO;LMFAO - Party Rock Anthem
08.02.2015;810557569;HDCYT;Charlie bit my finger - again !
08.02.2015;810345522;Katy Perry;Katy Perry - Dark Horse (Official) ft. Juicy J
08.02.2015;807967074;Eminem;Eminem - Love The Way You Lie ft. Rihanna
08.02.2015;807966171;JenniferLopez;Jennifer Lopez - On The Floor ft. Pitbull
08.02.2015;804412988;Shakira;Shakira - Waka Waka (This Time for Africa) 
08.02.2015;794166980;officialpsy;PSY - GENTLEMAN 
08.02.2015;792722580;Katy Perry;Katy Perry - Roar (Official)
08.02.2015;744484260;MileyCyrus;Miley Cyrus - Wrecking Ball
08.02.2015;712738103;EnriqueIglesias;Enrique Iglesias - Bailando 
08.02.2015;652063088;OneRepublic;OneRepublic - Counting Stars
08.02.2015;651299080;Ryan Lewis;MACKLEMORE & RYAN LEWIS - THRIFT SHOP 
08.02.2015;642290950;CarlyRaeJepsen;Carly Rae Jepsen - Call Me Maybe
08.02.2015;642092551;DonOmar;Don Omar - Danza Kuduro ft. Lucenzo
08.02.2015;613824787;LadyGaga;Lady Gaga - Bad Romance
08.02.2015;613433873;Michel Telo;Michel Telo - Ai Se Eu Te Pego
08.02.2015;607333091;Bruno Mars;Bruno Mars - The Lazy Song
08.02.2015;604064271;Adele;Adele - Rolling In The Deep
09.05.2015;2326824506;officialpsy;PSY - GANGNAM STYLE 
09.05.2015;1164415000;Justin Bieber;Justin Bieber - Baby ft. Ludacris
09.05.2015;940973975;Katy Perry;Katy Perry - Dark Horse (Official) ft. Juicy J
09.05.2015;911599154;Katy Perry;Katy Perry - Roar (Official)
09.05.2015;865941570;LMFAO;LMFAO - Party Rock Anthem
09.05.2015;859445127;Eminem;Eminem - Love The Way You Lie ft. Rihanna
09.05.2015;856904346;EnriqueIglesias;Enrique Iglesias - Bailando 
09.05.2015;848671251;Shakira;Shakira - Waka Waka (This Time for Africa) 
09.05.2015;836653526;Taylor Swift;Taylor Swift - Blank Space
09.05.2015;832927651;officialpsy;PSY - GENTLEMAN
04.08.2015;2387446490;officialpsy;PSY - GANGNAM STYLE 
04.08.2015;1196597962;Justin Bieber;Justin Bieber - Baby ft. Ludacris
04.08.2015;1066501578;Taylor Swift;Taylor Swift - Blank Space
04.08.2015;1052159309;Katy Perry;Katy Perry - Dark Horse (Official) ft. Juicy J
04.08.2015;1014598671;Katy Perry;Katy Perry - Roar (Official)
04.08.2015;985198200;EnriqueIglesias;Enrique Iglesias - Bailando 
04.08.2015;967829192;Taylor Swift;Taylor Swift - Shake It Off
04.08.2015;961311986;Meghan Trainor;Meghan Trainor - All About That Bass
04.08.2015;914725574;LMFAO;LMFAO - Party Rock Anthem
04.08.2015;903789699;Eminem;Eminem - Love The Way You Lie ft. Rihanna
04.08.2015;900237804;Mark Ronson;Mark Ronson - Uptown Funk ft. Bruno Mars
04.08.2015;897653586;Shakira;Shakira - Waka Waka (This Time for Africa) 
04.08.2015;886992939;OneRepublic;OneRepublic - Counting Stars
04.08.2015;862722734;officialpsy;PSY - GENTLEMAN
04.08.2015;849462409;JenniferLopez;Jennifer Lopez - On The Floor ft. Pitbull
04.08.2015;838969391;Sia;Sia - Chandelier (Official Video)
04.08.2015;825953403;HDCYT;Charlie bit my finger - again !
04.08.2015;787814616;MileyCyrus;Miley Cyrus - Wrecking Ball
04.08.2015;773433872;Wiz Khalifa;Wiz Khalifa - See You Again ft. Charlie Puth 
04.08.2015;750869552;LittleBabyBum;Wheels On The Bus | Nursery Rhymes for Babies
20.12.2015;2477697773;officialpsy;PSY - GANGNAM STYLE 
20.12.2015;1353125613;Taylor Swift;Taylor Swift - Blank Space
20.12.2015;1263366119;Wiz Khalifa;Wiz Khalifa - See You Again ft. Charlie Puth 
20.12.2015;1259654127;Justin Bieber;Justin Bieber - Baby ft. Ludacris
20.12.2015;1225801565;Mark Ronson;Mark Ronson - Uptown Funk ft. Bruno Mars
20.12.2015;1218568836;Taylor Swift;Taylor Swift - Shake It Off
20.12.2015;1215446612;Katy Perry;Katy Perry - Dark Horse (Official) ft. Juicy J
20.12.2015;1203253350;EnriqueIglesias;Enrique Iglesias - Bailando 
20.12.2015;1186674412;Katy Perry;Katy Perry - Roar (Official)
20.12.2015;1168896385;Meghan Trainor;Meghan Trainor - All About That Bass
30.04.2016;2562009657;officialpsy;PSY - GANGNAM STYLE 
30.04.2016;1677517717;Wiz Khalifa;Wiz Khalifa - See You Again ft. Charlie Puth 
30.04.2016;1572969955;Taylor Swift;Taylor Swift - Blank Space
30.04.2016;1543970258;Mark Ronson;Mark Ronson - Uptown Funk ft. Bruno Mars
30.04.2016;1469715147;Adele;Adele - Hello
30.04.2016;1432078705;Taylor Swift;Taylor Swift - Shake It Off
30.04.2016;1380713306;EnriqueIglesias;Enrique Iglesias - Bailando 
30.04.2016;1373713584;Katy Perry;Katy Perry - Dark Horse (Official) ft. Juicy J
30.04.2016;1359942429;LittleBabyBum;Wheels On The Bus | Nursery Rhymes for Babies
30.04.2016;1359610236;Justin Bieber;Justin Bieber - Baby ft. Ludacris
30.04.2016;1352124920;Katy Perry;Katy Perry - Roar (Official)
30.04.2016;1350679528;Meghan Trainor;Meghan Trainor - All About That Bass
30.04.2016;1317786341;majorlazer;Major Lazer & DJ Snake - Lean On (feat. M0)
30.04.2016;1307945031;Get Movies;Masha and The Bear
30.04.2016;1287953778;Justin Bieber;Justin Bieber - Sorry (PURPOSE : The Movement)
30.04.2016;1245984966;Sia;Sia - Chandelier (Official Video)
30.04.2016;1229021275;OneRepublic;OneRepublic - Counting Stars
30.04.2016;1210567966;Maroon 5;Maroon 5 - Sugar
30.04.2016;1082618535;EllieGoulding;Ellie Goulding - Love Me Like You Do 
30.04.2016;1076055837;LMFAO;LMFAO - Party Rock Anthem
16.08.2016;2626125618;officialpsy;PSY - GANGNAM STYLE 
16.08.2016;1954264812;Wiz Khalifa;Wiz Khalifa - See You Again ft. Charlie Puth 
16.08.2016;1783569178;Mark Ronson;Mark Ronson - Uptown Funk ft. Bruno Mars
16.08.2016;1724698721;Justin Bieber;Justin Bieber - Sorry (PURPOSE : The Movement)
16.08.2016;1711289537;Taylor Swift;Taylor Swift - Blank Space
16.08.2016;1676698174;Adele;Adele - Hello
16.08.2016;1591369871;Taylor Swift;Taylor Swift - Shake It Off
16.08.2016;1562935573;majorlazer;Major Lazer & DJ Snake - Lean On (feat. M0)
16.08.2016;1550497421;EnriqueIglesias;Enrique Iglesias - Bailando 
16.08.2016;1542397451;Get Movies;Masha and The Bear
02.11.2016;2669447985;officialpsy;PSY - GANGNAM STYLE 
02.11.2016;2129604077;Wiz Khalifa;Wiz Khalifa - See You Again ft. Charlie Puth 
02.11.2016;1927709045;Justin Bieber;Justin Bieber - Sorry (PURPOSE : The Movement)
02.11.2016;1923013128;Mark Ronson;Mark Ronson - Uptown Funk ft. Bruno Mars
02.11.2016;1820268657;Taylor Swift;Taylor Swift - Blank Space
02.11.2016;1760507094;Adele;Adele - Hello
02.11.2016;1705281088;Get Movies;Masha and The Bear
02.11.2016;1699417256;Taylor Swift;Taylor Swift - Shake It Off
02.11.2016;1688453967;majorlazer;Major Lazer & DJ Snake - Lean On (feat. M0)
02.11.2016;1675344794;EnriqueIglesias;Enrique Iglesias - Bailando 
02.11.2016;1631206384;LittleBabyBum;Wheels On The Bus | Nursery Rhymes for Babies
02.11.2016;1597366573;Katy Perry;Katy Perry - Roar (Official)
02.11.2016;1575625680;Meghan Trainor;Meghan Trainor - All About That Bass
02.11.2016;1567973238;Katy Perry;Katy Perry - Dark Horse (Official) ft. Juicy J
02.11.2016;1515679509;Maroon 5;Maroon 5 - Sugar
02.11.2016;1488001640;OneRepublic;OneRepublic - Counting Stars
02.11.2016;1474127159;Justin Bieber;Justin Bieber - Baby ft. Ludacris
02.11.2016;1435244152;Sia;Sia - Chandelier (Official Video)
02.11.2016;1339698538;Ed Sheeran;Ed Sheeran - Thinking Out Loud 
02.11.2016;1303577048;Justin Bieber;Justin Bieber - What Do You Mean?
05.03.2017;2779274571;officialpsy;PSY - GANGNAM STYLE 
05.03.2017;2492395656;Wiz Khalifa;Wiz Khalifa - See You Again ft. Charlie Puth 
05.03.2017;2301017707;Justin Bieber;Justin Bieber - Sorry (PURPOSE : The Movement)
05.03.2017;2245938543;Mark Ronson;Mark Ronson - Uptown Funk ft. Bruno Mars
05.03.2017;1981365366;Get Movies;Masha and The Bear
05.03.2017;1977086981;Taylor Swift;Taylor Swift - Blank Space
05.03.2017;1949628189;Taylor Swift;Taylor Swift - Shake It Off
05.03.2017;1944263642;EnriqueIglesias;Enrique Iglesias - Bailando 
05.03.2017;1913363998;majorlazer;Major Lazer & DJ Snake - Lean On (feat. M0)
05.03.2017;1898342517;Adele;Adele - Hello
05.03.2017;1833321094;Katy Perry;Katy Perry - Roar (Official)
05.03.2017;1813302254;Maroon 5;Maroon 5 - Sugar
05.03.2017;1801679600;LittleBabyBum;Wheels On The Bus | Nursery Rhymes for Babies
05.03.2017;1780629782;Meghan Trainor;Meghan Trainor - All About That Bass
05.03.2017;1738724201;Katy Perry;Katy Perry - Dark Horse (Official) ft. Juicy J
05.03.2017;1687240178;OneRepublic;OneRepublic - Counting Stars
05.03.2017;1561342694;Justin Bieber;Justin Bieber - Baby ft. Ludacris
05.03.2017;1541551205;Sia;Sia - Chandelier (Official Video)
05.03.2017;1537482541;Justin Bieber;Justin Bieber - What Do You Mean?
05.03.2017;1523763184;Ed Sheeran;Ed Sheeran - Thinking Out Loud 
28.04.2017;1138215847;Luis Fonsi;Luis Fonsi - Despacito ft. Daddy Yankee
14.07.2017;2894763398;Wiz Khalifa;Wiz Khalifa - See You Again ft. Charlie Puth 
14.07.2017;2894104891;officialpsy;PSY - GANGNAM STYLE 
14.07.2017;2634374244;Justin Bieber;Justin Bieber - Sorry (PURPOSE : The Movement)
14.07.2017;2549015513;Mark Ronson;Mark Ronson - Uptown Funk ft. Bruno Mars
14.07.2017;2476105148;Luis Fonsi;Luis Fonsi - Despacito ft. Daddy Yankee
14.07.2017;2309399555;Get Movies;Masha and The Bear
14.07.2017;2247928206;Taylor Swift;Taylor Swift - Shake It Off
14.07.2017;2232445572;EnriqueIglesias;Enrique Iglesias - Bailando 
14.07.2017;2149762872;Maroon 5;Maroon 5 - Sugar
14.07.2017;2127972489;Katy Perry;Katy Perry - Roar (Official)
14.07.2017;2101201871;Taylor Swift;Taylor Swift - Blank Space
14.07.2017;2100827778;majorlazer;Major Lazer & DJ Snake - Lean On (feat. M0)
14.07.2017;2014895593;Meghan Trainor;Meghan Trainor - All About That Bass
14.07.2017;2005841459;Adele;Adele - Hello
14.07.2017;1989849508;Katy Perry;Katy Perry - Dark Horse (Official) ft. Juicy J
14.07.2017;1920163456;LittleBabyBum;Wheels On The Bus | Nursery Rhymes for Babies
14.07.2017;1862253115;OneRepublic;OneRepublic - Counting Stars
14.07.2017;1728856970;Ed Sheeran;Ed Sheeran - Shape of You
14.07.2017;1725501953;Justin Bieber;Justin Bieber - What Do You Mean?
14.07.2017;1717377665;Ed Sheeran;Ed Sheeran - Thinking Out Loud 
21.09.2017;3793175292;Luis Fonsi;Luis Fonsi - Despacito ft. Daddy Yankee
21.09.2017;3118610820;Wiz Khalifa;Wiz Khalifa - See You Again ft. Charlie Puth 
21.09.2017;2952002810;officialpsy;PSY - GANGNAM STYLE 
21.09.2017;2769773043;Justin Bieber;Justin Bieber - Sorry (PURPOSE : The Movement)
21.09.2017;2670885258;Mark Ronson;Mark Ronson - Uptown Funk ft. Bruno Mars
21.09.2017;2475574109;Get Movies;Masha and The Bear
21.09.2017;2383951820;Taylor Swift;Taylor Swift - Shake It Off
21.09.2017;2379998006;Ed Sheeran;Ed Sheeran - Shape of You
21.09.2017;2359418859;EnriqueIglesias;Enrique Iglesias - Bailando 
21.09.2017;2317237992;Maroon 5;Maroon 5 - Sugar
21.09.2017;2271654292;Katy Perry;Katy Perry - Roar (Official)
21.09.2017;2176685116;majorlazer;Major Lazer & DJ Snake - Lean On (feat. M0)
21.09.2017;2168142219;Taylor Swift;Taylor Swift - Blank Space
21.09.2017;2112641021;Katy Perry;Katy Perry - Dark Horse (Official) ft. Juicy J
21.09.2017;2112524898;Meghan Trainor;Meghan Trainor - All About That Bass
21.09.2017;2062416410;Adele;Adele - Hello
21.09.2017;1978662785;LittleBabyBum;Wheels On The Bus | Nursery Rhymes for Babies
21.09.2017;1945069800;OneRepublic;OneRepublic - Counting Stars
21.09.2017;1842253145;The Chainsmokers;The Chainsmokers - Closer (Lyric) ft. Halsey
21.09.2017;1818665892;Shakira;Shakira - Chantaje (Official video) ft. Maluma
12.12.2017;4497530401;Luis Fonsi;Luis Fonsi - Despacito ft. Daddy Yankee
12.12.2017;3267182786;Wiz Khalifa;Wiz Khalifa - See You Again ft. Charlie Puth 
12.12.2017;3012809940;officialpsy;PSY - GANGNAM STYLE 
12.12.2017;2855970799;Ed Sheeran;Ed Sheeran - Shape of You
12.12.2017;2846397188;Justin Bieber;Justin Bieber - Sorry (PURPOSE : The Movement)
12.12.2017;2813376451;Mark Ronson;Mark Ronson - Uptown Funk ft. Bruno Mars
12.12.2017;2695380801;Get Movies;Masha and The Bear
12.12.2017;2453537934;Taylor Swift;Taylor Swift - Shake It Off
12.12.2017;2449714550;Maroon 5;Maroon 5 - Sugar
12.12.2017;2441527072;EnriqueIglesias;Enrique Iglesias - Bailando 
12.12.2017;2372206425;Katy Perry;Katy Perry - Roar (Official)
12.12.2017;2234977844;majorlazer;Major Lazer & DJ Snake - Lean On (feat. M0)
12.12.2017;2230726971;Taylor Swift;Taylor Swift - Blank Space
12.12.2017;2179086191;Katy Perry;Katy Perry - Dark Horse (Official) ft. Juicy J
12.12.2017;2159125641;Meghan Trainor;Meghan Trainor - All About That Bass
12.12.2017;2153300834;Adele;Adele - Hello
12.12.2017;2041525517;OneRepublic;OneRepublic - Counting Stars
12.12.2017;2035129812;LittleBabyBum;Wheels On The Bus | Nursery Rhymes for Babies
12.12.2017;2012108758;Shakira;Shakira - Chantaje (Official video) ft. Maluma
12.12.2017;1984373940;Ed Sheeran;Ed Sheeran - Thinking Out Loud 
27.02.2018;4872116874;Luis Fonsi;Luis Fonsi - Despacito ft. Daddy Yankee
27.02.2018;3431284121;Wiz Khalifa;Wiz Khalifa - See You Again ft. Charlie Puth 
27.02.2018;3301973251;Ed Sheeran;Ed Sheeran - Shape of You
27.02.2018;3111258494;officialpsy;PSY - GANGNAM STYLE 
27.02.2018;2978651782;Mark Ronson;Mark Ronson - Uptown Funk ft. Bruno Mars
27.02.2018;2894832517;Justin Bieber;Justin Bieber - Sorry (PURPOSE : The Movement)
27.02.2018;2888947123;Get Movies;Masha and The Bear
27.02.2018;2527946217;Maroon 5;Maroon 5 - Sugar
27.02.2018;2513987451;Taylor Swift;Taylor Swift - Shake It Off
27.02.2018;2476393323;Enrique Iglesias;Enrique Iglesias - Bailando 
24.06.2018;5261354812;Luis Fonsi;Luis Fonsi - Despacito ft. Daddy Yankee
24.06.2018;3635846187;Wiz Khalifa;Wiz Khalifa - See You Again ft. Charlie Puth 
24.06.2018;3589774112;Ed Sheeran;Ed Sheeran - Shape of You
24.06.2018;3179563218;officialpsy;PSY - GANGNAM STYLE 
24.06.2018;3169325481;Get Movies;Masha and The Bear
24.06.2018;3106985047;Mark Ronson;Mark Ronson - Uptown Funk ft. Bruno Mars
24.06.2018;2955684213;Justin Bieber;Justin Bieber - Sorry (PURPOSE : The Movement)
24.06.2018;2648923186;Maroon 5;Maroon 5 - Sugar
24.06.2018;2581030280;Taylor Swift;Taylor Swift - Shake It Off
24.06.2018;2543001518;Katy Perry;Katy Perry - Roar (Official)
23.10.2018;5630158923;Luis Fonsi;Luis Fonsi - Despacito ft. Daddy Yankee
23.10.2018;3862164842;Ed Sheeran;Ed Sheeran - Shape of You
23.10.2018;3830629471;Wiz Khalifa;Wiz Khalifa - See You Again ft. Charlie Puth 
23.10.2018;3302159741;Get Movies;Masha and The Bear
23.10.2018;3297812368;Mark Ronson;Mark Ronson - Uptown Funk ft. Bruno Mars
23.10.2018;3233200141;officialpsy;PSY - GANGNAM STYLE 
23.10.2018;3020141181;Justin Bieber;Justin Bieber - Sorry (PURPOSE : The Movement)
23.10.2018;2789174121;Maroon 5;Maroon 5 - Sugar
23.10.2018;2662315008;Taylor Swift;Taylor Swift - Shake It Off
23.10.2018;2653269412;Katy Perry;Katy Perry - Roar (Official)
09.01.2019;5872658537;Luis Fonsi;Luis Fonsi - Despacito ft. Daddy Yankee
09.01.2019;4005462621;Ed Sheeran;Ed Sheeran - Shape of You
09.01.2019;3949202011;Wiz Khalifa;Wiz Khalifa - See You Again ft. Charlie Puth 
09.01.2019;3419049616;Mark Ronson;Mark Ronson - Uptown Funk ft. Bruno Mars
09.01.2019;3396936191;Get Movies;Masha and The Bear
09.01.2019;3262699692;officialpsy;PSY - GANGNAM STYLE 
09.01.2019;3062613011;Justin Bieber;Justin Bieber - Sorry (PURPOSE : The Movement)
09.01.2019;2851046709;Maroon 5;Maroon 5 - Sugar
09.01.2019;2716372123;Taylor Swift;Taylor Swift - Shake It Off
09.01.2019;2709930994;Katy Perry;Katy Perry - Roar (Official)
09.01.2019;2664967807;Enrique Iglesias;Enrique Iglesias - Bailando 
09.01.2019;2611497305;Ed Sheeran;Ed Sheeran - Thinking Out Loud 
09.01.2019;2606688058;OneRepublic;OneRepublic - Counting Stars
09.01.2019;2483315432;Katy Perry;Katy Perry - Dark Horse (Official) ft. Juicy J
09.01.2019;2479686039;Major Lazer;Major Lazer & DJ Snake - Lean On (feat. M0)
09.01.2019;2457207884;Adele;Adele - Hello
09.01.2019;2388321932;Taylor Swift;Taylor Swift - Blank Space
09.01.2019;2302490577;Shakira;Shakira - Chantaje (Official Video) ft. Maluma
09.01.2019;2258809590;Passenger;Passenger | Let Her Go (Official Video)
09.01.2019;2258596903;Meghan Trainor;Meghan Trainor - All About That Bass
06.03.2019;6030438296;Luis Fonsi;Luis Fonsi - Despacito ft. Daddy Yankee
06.03.2019;4108550333;Ed Sheeran;Ed Sheeran - Shape of You
06.03.2019;4030986926;Wiz Khalifa;Wiz Khalifa - See You Again ft. Charlie Puth 
06.03.2019;3510232874;Get Movies;Masha and The Bear
06.03.2019;3483980793;Mark Ronson;Mark Ronson - Uptown Funk ft. Bruno Mars
06.03.2019;3302363429;officialpsy;PSY - GANGNAM STYLE 
06.03.2019;3095306057;Justin Bieber;Justin Bieber - Sorry (PURPOSE : The Movement)
06.03.2019;2906927903;Maroon 5;Maroon 5 - Sugar
06.03.2019;2762567896;Katy Perry;Katy Perry - Roar (Official)
06.03.2019;2750213727;Taylor Swift;Taylor Swift - Shake It Off
06.03.2019;2200000000;Pink Fonk;Baby Shark
21.05.2019;6203513698;Luis Fonsi;Luis Fonsi - Despacito ft. Daddy Yankee
21.05.2019;4214812368;Ed Sheeran;Ed Sheeran - Shape of You
21.05.2019;4114813001;Wiz Khalifa;Wiz Khalifa - See You Again ft. Charlie Puth 
21.05.2019;3602106284;Get Movies;Masha and The Bear
21.05.2019;3562031587;Mark Ronson;Mark Ronson - Uptown Funk ft. Bruno Mars
21.05.2019;3350492311;officialpsy;PSY - GANGNAM STYLE 
21.05.2019;3133479187;Justin Bieber;Justin Bieber - Sorry (PURPOSE : The Movement)
21.05.2019;2962387903;Maroon 5;Maroon 5 - Sugar
21.05.2019;2820217420;Katy Perry;Katy Perry - Roar (Official)
21.05.2019;2797401312;Pink Fonk;Baby Shark
